<?xml version="1.0" encoding="UTF-16"?>
<TextureAtlas imagePath="audience_right.png">
	<!-- Created with Adobe Flash CS6 version 12.0.0.481 -->
	<!-- http://www.adobe.com/products/flash.html -->
	<SubTexture name="audience right idle instance 10000" x="0" y="0" width="65" height="134"/>
	<SubTexture name="audience right idle instance 10001" x="65" y="0" width="65" height="134"/>
	<SubTexture name="audience right idle instance 10002" x="130" y="0" width="65" height="134"/>
	<SubTexture name="audience right idle instance 10003" x="195" y="0" width="65" height="134"/>
	<SubTexture name="audience right yay instance 10000" x="260" y="0" width="135" height="138"/>
	<SubTexture name="audience right yay instance 10001" x="0" y="138" width="135" height="138"/>
	<SubTexture name="audience right yay instance 10002" x="135" y="138" width="135" height="138"/>
	<SubTexture name="audience right yay instance 10003" x="270" y="138" width="135" height="138"/>
	<SubTexture name="audience right yay instance 10004" x="0" y="276" width="135" height="138"/>
	<SubTexture name="audience right yay instance 10005" x="135" y="276" width="135" height="138"/>
	<SubTexture name="audience right yay instance 10006" x="270" y="276" width="135" height="138"/>
	<SubTexture name="audience right yay instance 10007" x="0" y="414" width="135" height="138"/>
	<SubTexture name="audience right yay instance 10008" x="135" y="414" width="135" height="138"/>
	<SubTexture name="audience right yay instance 10009" x="270" y="414" width="135" height="138"/>
	<SubTexture name="audience right yay instance 10010" x="0" y="552" width="135" height="138"/>
</TextureAtlas>
