{"name":null,"assets":"aoy4:pathy34:assets%2Ffonts%2Ffonts-go-here.txty4:sizezy4:typey4:TEXTy2:idR1y7:preloadtgoR2i75864R3y4:FONTy9:classNamey29:__ASSET__assets_fonts_vcr_ttfR5y24:assets%2Ffonts%2Fvcr.ttfR6tgoR0y34:assets%2Fdata%2Fdata-goes-here.txtR2zR3R4R5R11R6tgoR0R1R2zR3R4R5R1R6tgoR2i75864R3R7R8y30:__ASSET__assets_fonts_vcr_ttf1R5R10R6tgoR0y36:assets%2Fimages%2Faudience_right.pngR2i37051R3y5:IMAGER5R13R6tgoR0y36:assets%2Fimages%2Faudience_right.xmlR2i1645R3R4R5R15R6tgoR0y36:assets%2Fimages%2Faudience_wrong.pngR2i36060R3R14R5R16R6tgoR0y36:assets%2Fimages%2Faudience_wrong.xmlR2i1645R3R4R5R17R6tgoR0y24:assets%2Fimages%2Fbg.pngR2i21480R3R14R5R18R6tgoR0y28:assets%2Fimages%2Femotes.pngR2i9797R3R14R5R19R6tgoR0y28:assets%2Fimages%2Femotes.xmlR2i586R3R4R5R20R6tgoR0y36:assets%2Fimages%2Fimages-go-here.txtR2zR3R4R5R21R6tgoR0y35:assets%2Fimages%2Fmaingamestuff.pngR2i41995R3R14R5R22R6tgoR0y33:assets%2Fimages%2Fquestionbox.pngR2i15165R3R14R5R23R6tgoR0y33:assets%2Fimages%2Fquestionbox.xmlR2i566R3R4R5R24R6tgoR0y40:assets%2Fimages%2Fquestionbox_center.pngR2i4791R3R14R5R25R6tgoR0y29:assets%2Fimages%2Ftextbox.pngR2i14151R3R14R5R26R6tgoR0y29:assets%2Fimages%2Ftextbox.xmlR2i556R3R4R5R27R6tgoR0y36:assets%2Fmusic%2Fmusic-goes-here.txtR2zR3R4R5R28R6tgoR2i33352R3y5:MUSICR5y29:assets%2Fsounds%2Fcorrect.mp3y9:pathGroupaR30y29:assets%2Fsounds%2Fcorrect.ogghR6tgoR2i18813R3y5:SOUNDR5R32R31aR30R32hgoR0y36:assets%2Fsounds%2Fsounds-go-here.txtR2zR3R4R5R34R6tgoR2i29060R3R29R5y27:assets%2Fsounds%2Fwrong.mp3R31aR35y27:assets%2Fsounds%2Fwrong.ogghR6tgoR2i21436R3R33R5R36R31aR35R36hgoR2i8220R3R29R5y26:flixel%2Fsounds%2Fbeep.mp3R31aR37y26:flixel%2Fsounds%2Fbeep.ogghR6tgoR2i39706R3R29R5y28:flixel%2Fsounds%2Fflixel.mp3R31aR39y28:flixel%2Fsounds%2Fflixel.ogghR6tgoR2i6840R3R33R5R38R31aR37R38hgoR2i33629R3R33R5R40R31aR39R40hgoR2i15744R3R7R8y35:__ASSET__flixel_fonts_nokiafc22_ttfR5y30:flixel%2Ffonts%2Fnokiafc22.ttfR6tgoR2i29724R3R7R8y36:__ASSET__flixel_fonts_monsterrat_ttfR5y31:flixel%2Ffonts%2Fmonsterrat.ttfR6tgoR0y33:flixel%2Fimages%2Fui%2Fbutton.pngR2i222R3R14R5R45R6tgoR0y36:flixel%2Fimages%2Flogo%2Fdefault.pngR2i484R3R14R5R46R6tgoR0y42:flixel%2Fimages%2Ftransitions%2Fcircle.pngR2i299R3R14R5R47R6tgoR0y53:flixel%2Fimages%2Ftransitions%2Fdiagonal_gradient.pngR2i730R3R14R5R48R6tgoR0y43:flixel%2Fimages%2Ftransitions%2Fdiamond.pngR2i236R3R14R5R49R6tgoR0y42:flixel%2Fimages%2Ftransitions%2Fsquare.pngR2i209R3R14R5R50R6tgoR0y34:flixel%2Fflixel-ui%2Fimg%2Fbox.pngR2i75R3R14R5R51R6tgoR0y37:flixel%2Fflixel-ui%2Fimg%2Fbutton.pngR2i211R3R14R5R52R6tgoR0y48:flixel%2Fflixel-ui%2Fimg%2Fbutton_arrow_down.pngR2i216R3R14R5R53R6tgoR0y48:flixel%2Fflixel-ui%2Fimg%2Fbutton_arrow_left.pngR2i222R3R14R5R54R6tgoR0y49:flixel%2Fflixel-ui%2Fimg%2Fbutton_arrow_right.pngR2i238R3R14R5R55R6tgoR0y46:flixel%2Fflixel-ui%2Fimg%2Fbutton_arrow_up.pngR2i227R3R14R5R56R6tgoR0y42:flixel%2Fflixel-ui%2Fimg%2Fbutton_thin.pngR2i118R3R14R5R57R6tgoR0y44:flixel%2Fflixel-ui%2Fimg%2Fbutton_toggle.pngR2i254R3R14R5R58R6tgoR0y40:flixel%2Fflixel-ui%2Fimg%2Fcheck_box.pngR2i101R3R14R5R59R6tgoR0y41:flixel%2Fflixel-ui%2Fimg%2Fcheck_mark.pngR2i97R3R14R5R60R6tgoR0y37:flixel%2Fflixel-ui%2Fimg%2Fchrome.pngR2i135R3R14R5R61R6tgoR0y42:flixel%2Fflixel-ui%2Fimg%2Fchrome_flat.pngR2i124R3R14R5R62R6tgoR0y43:flixel%2Fflixel-ui%2Fimg%2Fchrome_inset.pngR2i102R3R14R5R63R6tgoR0y43:flixel%2Fflixel-ui%2Fimg%2Fchrome_light.pngR2i118R3R14R5R64R6tgoR0y44:flixel%2Fflixel-ui%2Fimg%2Fdropdown_mark.pngR2i86R3R14R5R65R6tgoR0y41:flixel%2Fflixel-ui%2Fimg%2Ffinger_big.pngR2i1337R3R14R5R66R6tgoR0y43:flixel%2Fflixel-ui%2Fimg%2Ffinger_small.pngR2i157R3R14R5R67R6tgoR0y38:flixel%2Fflixel-ui%2Fimg%2Fhilight.pngR2i74R3R14R5R68R6tgoR0y36:flixel%2Fflixel-ui%2Fimg%2Finvis.pngR2i72R3R14R5R69R6tgoR0y41:flixel%2Fflixel-ui%2Fimg%2Fminus_mark.pngR2i77R3R14R5R70R6tgoR0y40:flixel%2Fflixel-ui%2Fimg%2Fplus_mark.pngR2i83R3R14R5R71R6tgoR0y36:flixel%2Fflixel-ui%2Fimg%2Fradio.pngR2i108R3R14R5R72R6tgoR0y40:flixel%2Fflixel-ui%2Fimg%2Fradio_dot.pngR2i81R3R14R5R73R6tgoR0y37:flixel%2Fflixel-ui%2Fimg%2Fswatch.pngR2i94R3R14R5R74R6tgoR0y34:flixel%2Fflixel-ui%2Fimg%2Ftab.pngR2i106R3R14R5R75R6tgoR0y39:flixel%2Fflixel-ui%2Fimg%2Ftab_back.pngR2i111R3R14R5R76R6tgoR0y44:flixel%2Fflixel-ui%2Fimg%2Ftooltip_arrow.pngR2i176R3R14R5R77R6tgoR0y39:flixel%2Fflixel-ui%2Fxml%2Fdefaults.xmlR2i1263R3R4R5R78R6tgoR0y53:flixel%2Fflixel-ui%2Fxml%2Fdefault_loading_screen.xmlR2i1953R3R4R5R79R6tgoR0y44:flixel%2Fflixel-ui%2Fxml%2Fdefault_popup.xmlR2i1848R3R4R5R80R6tgh","rootPath":null,"version":2,"libraryArgs":[],"libraryType":null}